Sofia Bonfiglio,83
Ashlee Capellan,71
Dona Mcinnes,29
Maricela Landreneau,92
Elinor Raco,94
Cody Mcmartin,97
John Wick,25
Mathew Mercedes,70
Karina Rossin,60
Mathew Milian,80
Christian Mullarkey,61
Esmeralda Radovich,48
Nelson Tooker,98
Neil Brabant,94
Clinton Blumer,52
Julio Degroat,65
Elinor Greig,44
Malinda Dodgen,18
Mathew Eslick,55
Christian Durall,77
Max Plain,6
Earnestine Croswell,10
Clayton Ricard,4
Ted Tallmadge,14
Kelly Cheatam,61
Jessie Leandro,98
Guy Kadel,20
Althea Warring,14
Tania Mogensen,9
Ted Makuch,33
Nick Allan,50
Callen Sargent,50
Maja Harwood,50
Elsa Mcclain,50
Precious Dickerson,50
Misbah Benton,50
Digby Henson,50
Holly Rios,50
Trey Cornish,50
Gage Townsend,50
Lylah Sinclair,50
Andrei Parra,50
Millie-Mae Herman,50
Elouise Hansen,50
Kaidan Beard,50
Pixie Barnett,50
Cadi Millar,50
Marcos Mayo,50
Dalia Warren,50
Lacey-Mae Sharma,50
Debbie Lowry,50
Fatimah Baldwin,50
Samir Harmon,50
Christie Schultz,50
Alexie Bradford,50
Pollyanna Orozco,50
Katlyn Legge,50
Sabah Boyce,50
Nial Riddle,50
Phillipa Murillo,50
Shani Amin,50
Willem Maynard,50
Coby Steele,50
Kishan Frey,50
Lainey Mcintosh,50
Abdurrahman Mair,50
Manav Medrano,50
Aadil Benitez,50
Nataniel Manning,50
Bianca Long,50
Paulina Campbell,50
Yisroel Watts,50
Leona Huff,50
Reece Pineda,50
Ajay Tucker,50
Zarah Proctor,50
Ronald Bowes,50
Kerry Hussain,50
Junior Battle,50
Bryson Barclay,50
Hina Deleon,50
Myles Lindsey,50
Maximilian Ahmed,50
Lilly Bush,50
Laila Connolly,50
Lacie Rasmussen,50
Samera Henderson,50
Mari Bateman,50
Yara Ortega,50
Alexa Wynn,50
Eleasha Travers,50
Valentino Duarte,50
Renae Horner,50
Kiera Chan,50
Amalia Ventura,50
Aman Holding,50
Jonas Lane,50
Ivie Mcneil,50
Warwick Holt,50
Phyllis Pena,50
Dilara Villalobos,50
Kallum Oconnor,50
Poppy Whitehead,50
Dalton Browne,50
Naya Blair,50
Inaayah Mcfarland,50
Rishi Macleod,50
Emmy Mccarthy,50
Kacy Odonnell,50
Niko Jennings,50
James Pate,50
Lottie Irving,50
Elora Eastwood,50
Astrid Glenn,50
Kwame Holloway,50
Dru Brown,50
Rayhaan Friedman,50
Davina Sims,50
Brook Devine,50
Oskar Ryan,50
Shahzaib Franklin,50
Chanice Wallace,50
Niall Bright,50
Esther Terrell,50
Theia Malone,50
Aqib Boyer,50
Asim Barr,50
Bethaney Henry,50
Bertha Mcconnell,50
Lewys Shah,50
Larry Vickers,50
Elif Stokes,50
Ameer Washington,50
Eve Beasley,50
Beau Broughton,50
Renee Lim,50
Kenny Rankin,50
Martyna Baird,50
Dev Vinson,50
Ezekiel Fisher,50
Agatha Allman,50
Ariel Barnard,50
Torin Everett,50
Rahim Frederick,50
Miya Sanford,50
Lauryn Patrick,50
Marnie Bravo,50
Harmony Swan,50
Sharna Thomas,50
Isma Serrano,50